街道名称,小区名称,住户人数,建筑面积,机构名称
只楚,楚泰,1900,300,楚泰社区养老活动中心
只楚,芝水小区,2037,200,楚毓社区养老活动中心
只楚,鼎城2008小区,2472,500,锦园社区唯智活动中心
只楚,辰源雅景小区,1880,300,东南哨社区党群活动中心
只楚,康和新城小区,2837,500,康和新城活动中心
只楚,玺萌小区,2286,500,楚毓社区养老活动中心
芝罘岛,万科海云台,852,413,老年活动中心
芝罘岛,佳苑街小区,2986,603,老年活动中心
芝罘岛,海悦花园,903,603,老年活动中心
毓璜顶,海防营社区,1803,300,海防营社区老年人活动中心
毓璜顶,毓东社区,3378,572,维国仁慢性病门诊医养中心、毓璜顶东社区老年人活动中心
毓璜顶,海港社区,1100,180,海港社区老年人活动中心
毓璜顶,毓西社区,3345,600,毓璜顶西社区老年人活动中心
毓璜顶,大海阳社区,2500,1200,大海阳社区老年人活动中心
毓璜顶,黄山南社区,1034,290,黄山南社区老年人活动中心
幸福街道,华信家园,4033,670,华信社区老年人日间照料中心
幸福街道,信达社区信达小区,1350,328,信达社区老年人活动中心
幸福街道,幸福社区宏达小区，邮政小区,1680,258,幸福社区老年人活动中心
幸福街道,德泰社区万泰花园一期,956,150,德泰社区老年人活动中心
幸福街道,新世界社区新世界小区,5260,911,新世界社区老年人活动中心
幸福街道,幸海里社区祥裕顺家园,775,300,幸海里社区老年人活动中心
幸福街道,祥发社区祥祯小区,1908,500,宏发养老院
幸福街道,福泰社区福泰小区,3218,480,福泰社区老年人日间照料中心
幸福街道,开源社区开元新村,2230,1500,开源社区老年人活动中心
幸福街道,兴港社区海港小区,2500,380,兴港社区老年人活动中心
幸福街道,盛世社区东西福泰小区,1433,290,盛世社区老年人活动中心
幸福街道,龙海家园A区,2078,2236.56,烟台市芝罘区 幸福龙海老年人颐养中心
幸福街道,龙海家园D区,1800,2236.56,烟台市芝罘区 幸福龙海老年人颐养中心
幸福街道,幸福河小区,3985,600,幸福河社区老年人活动中心
幸福街道,幸国里小区,2778,200,幸国里社区老年人活动中心
幸福街道,环海路小区,856,400,环海路社区老年人活动中心
幸福街道,万华小区,3228,640,万华日间照料中心
幸福街道,幸芝里社区幸芝里小区,2523,600,幸芝里社区老年人活动中心
幸福街道,福源路居委福源路小区,2629,450,福源路社区老年人活动中心
幸福街道,幸福街道福茂社区福茂小区,3113,500,福茂社区老年人活动中心
幸福街道,支农里社区支农里小区,2952,670.9,支农里社区日间照料中心
幸福街道,福学居委,1114,310,福学居委老年人活动中心
向阳,胜利小区,3016,1800,友谊街社区、建昌街社区日间照料中心
向阳,万达公馆,860,500,友谊街社区日间照料中心
通伸,西山小区,1632,600,西炮台社区老年人活动中心
通伸,同和馨园,246,600,西炮台社区老年人活动中心
通伸,芝罘屯,895,350,芝罘屯社区老年人活动中心
通伸,西山,782,350,芝罘屯社区老年人活动中心
通伸,永恒,539,350,芝罘屯社区老年人活动中心
通伸,铁路小区,469,444,前进路社区老年人活动中心
通伸,阳光御景,498,444,前进路社区老年人活动中心
通伸,西山颐苑,468,444,前进路社区老年人活动中心
通伸,供销家园,362,444,前进路社区老年人活动中心
通伸,钢厂小区,168,444,前进路社区老年人活动中心
通伸,烟铁家园,320,444,前进路社区老年人活动中心
通伸,三水佳苑,168,500,慎礼社区老年人活动中心
通伸,新建东巷,196,500,慎礼社区老年人活动中心
通伸,新建西巷,112,500,慎礼社区老年人活动中心
通伸,三明街,244,500,慎礼社区老年人活动中心
通伸,永安里,408,500,慎礼社区老年人活动中心
通伸,青年路,100,500,慎礼社区老年人活动中心
通伸,数码港,210,500,慎礼社区老年人活动中心
通伸,交通委家属楼,212,500,慎礼社区老年人活动中心
通伸,集贤街,108,500,慎礼社区老年人活动中心
通伸,西盛街,201,500,慎礼社区老年人活动中心
通伸,西盛四巷,84,500,慎礼社区老年人活动中心
通伸,西盛五巷,156,500,慎礼社区老年人活动中心
通伸,南大街,90,500,慎礼社区老年人活动中心
通伸,东方巴黎小区,2911,992,怡邻健康客厅
通伸,木钟厂小区,491,992,怡邻健康客厅
通伸,北极星花园小区,312,992,怡邻健康客厅
通伸,中萃苑小区,240,992,怡邻健康客厅
通伸,公路局小区,50,992,怡邻健康客厅
通伸,通伸北街,30,992,怡邻健康客厅
通伸,公路局小区,30,992,怡邻健康客厅
世回尧,怡丰佳苑,344,1000,联华社区党群服务中心
世回尧,金帝佳园,300,1000,联华社区党群服务中心
世回尧,馨逸园,1022,2000,下曲家日间照料中心
世回尧,阳光上城,1216,300,上尧社区党群服务中心
世回尧,润鼎家园,242,316,世联社区党群服务中心
世回尧,中拓假日,472,316,世联社区党群服务中心
奇山街道,奇南社区,3560,800,奇南社区日间照料中心
奇山街道党群服务中心
奇山街道,四眼桥社区,2722,450,四眼桥社区日间照料中心
奇山街道,塔山社区,3260,800,塔山社区日间照料中心
奇山街道,迎东社区,2161,600,迎东社区党群服务中心
奇山街道,上夼西路社区,4680,740,上夼西路社区日间照料中心
奇山街道,迎西社区,2460,460,迎西社区党群服务中心
奇山街道,长生社区,3721,667,长生社区党群服务中心
奇山街道,奇中社区,4039,630,奇中社区日间照料中心
黄务,山水龙城,1200,200,社区党群活动室
黄务,山水龙城8区,1028,200,社区党群活动室
黄务,姜家社区,4500,2567.3,烟台颐养院养老服务中心有限公司
黄务,鑫凤小区,780,120,卧龙社区党群活动室
黄务,初家卧龙小区,580,200,社区党群活动室
黄务,竹林苑,660,200,社区党群活动室
黄务,魁玉花园,966,200,社区党群活动室
黄务,桦林颐和园,1334,2300,金色家园老年公寓
黄务,通世新城小区,2300,2300,金色家园老年公寓
黄务,优山美地,850,2300,金色家园老年公寓
黄务,朗郡,850,2300,金色家园老年公寓
黄务,山水龙城L区,200,2300,金色家园老年公寓
黄务,现代山水田园小区,150,2300,金色家园老年公寓
黄务,蓁山社区,4150,3800,东方老年颐养中心
黄务,柏林春天,1000,2567.3,烟台颐养院养老服务中心有限公司
黄务,朱家疃小区,200,2567.3,烟台颐养院养老服务中心有限公司
黄务,三和绿景,896,300,街道党群活动室
黄务,三合佳苑,455,300,街道党群活动室
黄务,金苹果公寓,472,300,街道党群活动室
黄务,中正山庄,1752,3800,东方老年颐养中心
黄务,卧龙社区,1739,330,社区党群活动室
黄务,昊佳花园,1800,300,街道党群活动室
黄务,红星国际广场,1040,330,社区党群活动室
黄务,富甲小区,2529,3800,东方老年颐养中心
黄务,傅家小区,522,3800,东方老年颐养中心
黄务,福兴佳苑小区,696,3800,东方老年颐养中心
黄务,锦绣新天地,3017,510,社区党群活动室
凤凰台,建城西府,1115,150,烟台宝云综合养老服务中心
凤凰台,佳隆公馆,206,31,烟台市芝罘区凤凰台街道社区老年人日间照料中心
凤凰台,一街4-11单元,96,14,烟台市芝罘区凤凰台街道社区老年人日间照料中心
凤凰台,越秀星汇凤凰,1500,105,中台社区老年人活动中心
凤凰台,世嘉岭秀,801,120,中台社区老年人活动中心
东山街道,世茂小区,515,2700,烟台恒爱养老院
东山街道,天鸿小区,430,2700,烟台恒爱养老院
,上夼,730,109.5,上夼社区日间照料中心
,松霞新苑南小区,1051,500,宋家疃社区日间照料中心
,清洋街道宋家疃松霞新苑北小区,673,0,宋家疃社区日间照料中心
,清洋街道宋家疃银河小区,792,0,宋家疃社区日间照料中心
,福惠社区福惠花园小区,3311,1600,烟台市福山区  馨悦居家养老  服务中心
,福惠社区悦榕湾小区,332,0,烟台市福山区  馨悦居家养老  服务中心
,星河城社区北方家纺小区,284,0,鸿福居家养老服务中心
,星河城社区格中家属楼小区,118,0,鸿福居家养老服务中心
,星河城小区,3693,560,鸿福居家养老服务中心
,福利莱
万和城,2921,300,盛泉集团
,史家庄,300,300,史家庄居委会
,颐景园小区,560,800,下夼居委会
,乡村记忆小区,1900,300,乡村记忆社区
,福园小区,580,300,馨悦居家养老
,玉森明珠小区,860,,馨悦居家养老
,门楼镇富丽社区富丽新城小区（A区、B区）,1700,430,富丽社区
,门楼镇卫城润景社区卫城润景小区,850,1800,卫家疃村委
东莱街道,东莱街道南苑社南苑小区,900,135,恒康日间照料中心
东莱街道,东莱街道柳莺社区柳莺小区,486,72.9,恒康日间照料中心
东莱街道,东莱街道柳莺社区新园小区,75,11.25,恒康日间照料中心
东莱街道,东莱街道柳莺社区秋林小区,35,5.25,恒康日间照料中心
东莱街道,东莱街道怡园社区怡园小区,1742,261.3,恒康日间照料中心
东莱街道,东莱街道怡园社区怡园北区,383,57.45,恒康日间照料中心
东莱街道,东莱街道怡园社区怡园南区,1130,169.5,恒康日间照料中心
东莱街道,东莱街道怡园社区建行小区,80,12,林苑养老服务中心
东莱街道,东莱街道怡园社区混合二层,84,12.6,林苑养老服务中心
东莱街道,东莱街道怡园社区边防小区,12,1.8,林苑养老服务中心
东莱街道,东莱街道润新社区南沙沟小区1、2号楼,56,8.4,润新养老服务中心
东莱街道,东莱街道怡园社区南沙沟小区3、4号楼,81,12.15,润新养老服务中心
东莱街道,东莱街道润新社区皮鞋厂小区,40,6,润新养老服务中心
东莱街道,东莱街道润新社区老干部小区,16,2.4,润新养老服务中心
东莱街道,东莱街道润新社区龙丰小区,60,9,润新养老服务中心
东莱街道,东莱街道润新社区沿河路小区5、6、7号楼,120,18,润新养老服务中心
东莱街道,东莱街道润新社区外贸小区,80,12,润新养老服务中心
东莱街道,东莱街道润新社区邮政小区,66,9.9,润新养老服务中心
东莱街道,东莱街道润新社区建行小区,12,1.8,润新养老服务中心
东莱街道,东莱街道润新社区润新小区,222,33.3,润新养老服务中心
东莱街道,东莱街道润新社区二实小小区,30,4.5,润新养老服务中心
东莱街道,东莱街道润新社区南巷商贸街,88,13.2,润新养老服务中心
东莱街道,东莱街道润新社区信用社家属楼,35,5.25,润新养老服务中心
东莱街道,东莱街道润新社区房产小区,15,2.25,润新养老服务中心
东莱街道,东莱街道润新社区南巷北区,75,11.25,润新养老服务中心
东莱街道,东莱街道润新社区药材家属区,20,3,润新养老服务中心
东莱街道,东莱街道润新社区食品公司小区,120,18,润新养老服务中心
东莱街道,东莱街道润新社区二厂小区,333,49.95,润新养老服务中心
东莱街道,东莱街道润新社区北二厂小区,30,4.5,润新养老服务中心
东莱街道,东莱街道润新社区二轻小区,145,21.75,润新养老服务中心
东莱街道,东莱街道润新社区农机小区,88,13.2,润新养老服务中心
东莱街道,东莱街道润新社区农机局家属楼,30,4.5,润新养老服务中心
东莱街道,东莱街道润新社区苗圃小区,56,8.4,润新养老服务中心
东莱街道,东莱街道润新社区房管小区,80,12,润新养老服务中心
东莱街道,东莱街道润新社区典当行小区,60,9,润新养老服务中心
东莱街道,东莱街道菜园社区城建开发二节,48,7.2,龙报日间照料中心
东莱街道,东莱街道菜园社区汇丰家属楼,20,3,龙报日间照料中心
东莱街道,东莱街道菜园社区锅检所家属楼,16,2.4,龙报日间照料中心
东莱街道,东莱街道菜园社区李巷小黄楼,27,4.05,龙报日间照料中心
东莱街道,东莱街道菜园社区建材小区,66,9.9,龙报日间照料中心
东莱街道,东莱街道菜园社区皮鞋厂家属楼,54,8.1,龙报日间照料中心
东莱街道,东莱街道菜园社区劳动局小区,92,13.8,龙报日间照料中心
东莱街道,东莱街道菜园社区劳服家属楼,55,8.25,龙报日间照料中心
东莱街道,东莱街道菜园社区农信社家属楼,48,7.2,龙报日间照料中心
东莱街道,东莱街道菜园社区中国行家属楼,32,4.8,龙报日间照料中心
东莱街道,东莱街道菜园社区一轻局家属楼,30,4.5,龙报日间照料中心
东莱街道,东莱街道菜园社区公七号,30,4.5,龙报日间照料中心
东莱街道,东莱街道菜园社区国土局家属楼,24,3.6,龙报日间照料中心
东莱街道,东莱街道菜园社区地税局家属楼,24,3.6,龙报日间照料中心
东莱街道,东莱街道菜园社区南生活区5节,382,57.3,龙报日间照料中心
东莱街道,东莱街道菜园社区财源小区,740,111,龙报日间照料中心
东莱街道,东莱街道菜园社区恒鑫小区,185,27.75,龙报日间照料中心
东莱街道,东莱街道菜园社区黄金局家属楼,67,10.05,龙报日间照料中心
东莱街道,东莱街道菜园社区黄金小区,110,16.5,龙报日间照料中心
东莱街道,东莱街道博士社区博士小区,922,138.3,松园社区日间照料中心
东莱街道,东莱街道博士社区农行小区,91,13.65,松园社区日间照料中心
东莱街道,东莱街道博士社区乡企局小区,264,39.6,松园社区日间照料中心
东莱街道,东莱街道博士社区北巷村住宅楼,30,4.5,松园社区日间照料中心
东莱街道,东莱街道博士社区广电局小区,52,7.8,松园社区日间照料中心
东莱街道,东莱街道西关社区北巷小区,1200,180,林苑养老服务中心
东莱街道,东莱街道西关社区博士西小区,160,24,林苑养老服务中心
东莱街道,东莱街道西关社区装潢公司宿舍楼,12,1.8,林苑养老服务中心
东莱街道,东莱街道西关社区康达小区,64,9.6,林苑养老服务中心
东莱街道,东莱街道西关社区九七小区,143,21.45,林苑养老服务中心
东莱街道,东莱街道西关社区二厂家属楼（一栋楼无人居住）,92,13.8,林苑养老服务中心
东莱街道,东莱街道西关社区博渠单元楼,156,23.4,林苑养老服务中心
东莱街道,东莱街道西关社区博渠二层楼,60,9,林苑养老服务中心
东莱街道,东莱街道育才社区南段小区,120,18,润新养老服务中心
东莱街道,东莱街道育才社区育才小区,506,75.9,润新养老服务中心
东莱街道,东莱街道育才社区农技中心家属楼,50,7.5,润新养老服务中心
东莱街道,东莱街道育才社区农房家属楼,32,4.8,润新养老服务中心
东莱街道,东莱街道育才社区聋哑学校家属楼,30,4.5,润新养老服务中心
东莱街道,东莱街道育才社区滨河小区,289,43.35,润新养老服务中心
东莱街道,东莱街道育才社区计量局家属楼,85,12.75,润新养老服务中心
东莱街道,东莱街道育才社区交通委家属楼,24,3.6,润新养老服务中心
东莱街道,东莱街道育才社区劳服家属楼,28,4.2,润新养老服务中心
东莱街道,东莱街道育才社区北海医院家属楼,127,19.05,润新养老服务中心
东莱街道,东莱街道沁园社区沁园小区,1132,169.8,龙报日间照料中心
东莱街道,东莱街道沁园社区沁园新区,400,60,龙报日间照料中心
东莱街道,东莱街道沁园社区劳服小区,205,30.75,龙报日间照料中心
东莱街道,东莱街道沁园社区凤仪、东关小区,83,12.45,龙报日间照料中心
东莱街道,东莱街道丽园社区站北新村,196,29.4,怡静日间照料中心
东莱街道,东莱街道丽园社区家电小区,40,6,怡静日间照料中心
东莱街道,东莱街道丽园社区交警小区,90,13.5,遇家日间照料中心
东莱街道,东莱街道丽园社区宋家疃小区,130,19.5,怡静日间照料中心
东莱街道,东莱街道丽园社区北关小区,100,15,遇家日间照料中心
东莱街道,东莱街道丽园社区发达小区,428,64.2,遇家日间照料中心
东莱街道,东莱街道丽园社区西渠小区,520,78,怡静日间照料中心
东莱街道,东莱街道丽园社区黄城开发,63,9.45,怡静日间照料中心
东莱街道,东莱街道丽园社区公路局小区,64,9.6,怡静日间照料中心
东莱街道,东莱街道丽园社区站北小区,248,37.2,怡静日间照料中心
东莱街道,东莱街道怡静社区电业新区,80,12,怡静日间照料中心
东莱街道,东莱街道怡静社区电业老区,88,13.2,怡静日间照料中心
东莱街道,东莱街道怡静社区干休所,49,7.35,怡静日间照料中心
东莱街道,东莱街道怡静社区站北新村,96,14.4,怡静日间照料中心
东莱街道,东莱街道怡静社区交通楼,24,3.6,怡静日间照料中心
东莱街道,东莱街道怡静社区南涧楼,60,9,怡静日间照料中心
东莱街道,东莱街道怡静社区民政楼,18,2.7,怡静日间照料中心
东莱街道,东莱街道怡静社区税务楼,48,7.2,怡静日间照料中心
东莱街道,东莱街道怡静社区外贸楼,23,3.45,怡静日间照料中心
东莱街道,东莱街道怡静社区辛店小区,62,9.3,怡静日间照料中心
东莱街道,东莱街道怡静社区纺织楼,32,4.8,怡静日间照料中心
东莱街道,东莱街道怡静社区东立楼,45,6.75,怡静日间照料中心
东莱街道,东莱街道开元社区福海苑,85,12.75,怡静日间照料中心
东莱街道,东莱街道开元社区康达小区,140,21,怡静日间照料中心
东莱街道,东莱街道开元社区物价楼,30,4.5,怡静日间照料中心
东莱街道,东莱街道开元社区环保楼,45,6.75,怡静日间照料中心
东莱街道,东莱街道开元社区人大楼,15,2.25,怡静日间照料中心
东莱街道,东莱街道开元社区药材楼,30,4.5,怡静日间照料中心
东莱街道,东莱街道开元社区外贸楼,20,3,怡静日间照料中心
东莱街道,东莱街道开元社区印刷小区,220,33,怡静日间照料中心
东莱街道,东莱街道开元社区财政楼,18,2.7,怡静日间照料中心
东莱街道,东莱街道开元社区纺机楼,40,6,怡静日间照料中心
东莱街道,东莱街道开元社区博渠楼,60,9,怡静日间照料中心
东莱街道,东莱街道开元社区西生活区,652,97.8,怡静日间照料中心
东莱街道,东莱街道开元社区百盈小区,112,16.8,怡静日间照料中心
东莱街道,东莱街道林苑社区牛据小区,280,42,林苑养老服务中心
东莱街道,东莱街道林苑社区林业小区,20,3,林苑养老服务中心
东莱街道,东莱街道林苑社区二圣庙小区,348,52.2,林苑养老服务中心
东莱街道,东莱街道松隽社区水务小区,130,19.5,松园日间照料中心
东莱街道,东莱街道松园社区大店小区,340,51,松园日间照料中心
东莱街道,东莱街道文圣社区政法小区,232,34.8,林苑养老服务中心
东莱街道,东莱街道文圣社区花园小区,109,16.35,林苑养老服务中心
东莱街道,东莱街道文圣社区放映小区,46,6.9,林苑养老服务中心
东莱街道,东莱街道文圣社区东北隅小区,102,15.3,林苑养老服务中心
东莱街道,东莱街道文圣社区工商楼,64,9.6,林苑养老服务中心
东莱街道,东莱街道文圣社区物资楼,32,4.8,林苑养老服务中心
东莱街道,东莱街道文圣社区公园新村,262,39.3,林苑养老服务中心
东莱街道,东莱街道文圣社区北大街楼,151,22.65,林苑养老服务中心
东莱街道,东莱街道文圣社区乐凯小区,36,5.4,林苑养老服务中心
东莱街道,东莱街道文圣社区富龙小区,186,27.9,林苑养老服务中心
东莱街道,东莱街道文圣社区开发小区,80,12,林苑养老服务中心
东莱街道,东莱街道文圣社区工业楼,15,2.25,林苑养老服务中心
东莱街道,东莱街道文圣社区农业楼,24,3.6,林苑养老服务中心
龙港街道,龙港街道北皂社区北皂小区,1420,213,北皂社区日间照料中心
龙港街道,龙港街道北皂社区新港路小区,120,18,北皂社区日间照料中心
龙港街道,龙港街道金海湾社区金海湾社区,330,49.5,北皂社区日间照料中心
龙港街道,龙港街道百电社区新港路小区,696,104.4,北皂社区日间照料中心
龙港街道,龙港街道百电社区金沙南区,230,34.5,北皂社区日间照料中心
龙港街道,龙港街道百电社区金沙北区,820,123,北皂社区日间照料中心
龙港街道,龙港街道和平社区船检家属楼,12,1.8,和平社区日间照料中心
龙港街道,龙港街道和平社区氯碱厂家属楼,40,6,和平社区日间照料中心
龙港街道,龙港街道和平社区外贸楼,76,11.4,和平社区日间照料中心
龙港街道,龙港街道和平社区邹刘街东头楼,32,4.8,和平社区日间照料中心
龙港街道,龙港街道和平社区供电所家属楼,44,6.6,和平社区日间照料中心
龙港街道,龙港街道和平社区棉纺厂老楼,30,4.5,和平社区日间照料中心
龙港街道,龙港街道和平社区气象站家属楼,16,2.4,和平社区日间照料中心
龙港街道,龙港街道和平社区公安家属楼,32,4.8,和平社区日间照料中心
龙港街道,龙港街道和平社区第二军休所,24,3.6,和平社区日间照料中心
龙港街道,龙港街道和平社区商业楼,80,12,和平社区日间照料中心
龙港街道,龙港街道和平社区隆基楼,56,8.4,和平社区日间照料中心
龙港街道,龙港街道和平社区矿上楼,16,2.4,和平社区日间照料中心
龙港街道,龙港街道和平社区五金厂楼,10,1.5,和平社区日间照料中心
龙港街道,龙港街道和平社区教师楼,80,12,和平社区日间照料中心
龙港街道,龙港街道和平社区农行楼,40,6,和平社区日间照料中心
龙港街道,龙港街道和平社区石油公司楼,30,4.5,和平社区日间照料中心
龙港街道,龙港街道和平社区劳动局楼,32,4.8,和平社区日间照料中心
龙港街道,龙港街道和平社区建筑公司楼,60,9,和平社区日间照料中心
龙港街道,龙港街道和平社区青云小区,64,9.6,和平社区日间照料中心
龙港街道,龙港街道河北嘉元社区玻璃厂小区,174,26.1,逄家社区日间照料中心
龙港街道,龙港街道河北嘉元社区造纸厂小区,250,37.5,逄家社区日间照料中心
龙港街道,龙港街道河北嘉元社区金沙路小区,90,13.5,逄家社区日间照料中心
龙港街道,龙港街道河北嘉元社区金沙路二区,76,11.4,逄家社区日间照料中心
龙港街道,龙港街道河北嘉元社区振兴路小区,78,11.7,逄家社区日间照料中心
龙港街道,龙港街道河北嘉元社区河北路木材小区,244,36.6,逄家社区日间照料中心
龙港街道,龙港街道河北嘉元社区康泰路一区,237,35.55,逄家社区日间照料中心
龙港街道,龙港街道河北嘉元社区康泰路二区,96,14.4,逄家社区日间照料中心
龙港街道,龙港街道河北嘉元社区二院家属楼,40,6,逄家社区日间照料中心
龙港街道,龙港街道河北嘉元社区房产南北楼,40,6,逄家社区日间照料中心
龙港街道,龙港街道河北嘉元社区疗养院楼,40,6,逄家社区日间照料中心
龙港街道,龙港街道河北嘉元社区招远金矿楼,12,1.8,逄家社区日间照料中心
龙港街道,龙港街道河北嘉元社区转播台院,25,3.75,逄家社区日间照料中心
龙港街道,龙港街道河北嘉元社区港湾新村,551,82.65,逄家社区日间照料中心
龙港街道,龙港街道花苑社区人民银行宿舍楼,36,5.4,花苑社区日间照料中心
龙港街道,龙港街道花苑社区老政府家属北楼,30,4.5,花苑社区日间照料中心
龙港街道,龙港街道花苑社区老政府家属楼,21,3.15,花苑社区日间照料中心
龙港街道,龙港街道花苑社区隆基小区,304,45.6,花苑社区日间照料中心
龙港街道,龙港街道花苑社区塔北小区,376,56.4,花苑社区日间照料中心
龙港街道,龙口国际海员俱乐部家属楼,60,9,花苑社区日间照料中心
龙港街道,龙口市家具厂（滨河小区）,180,27,花苑社区日间照料中心
龙港街道,龙港街道花苑社区花苑北区一期,780,117,花苑社区日间照料中心
龙港街道,龙港街道花苑社区花苑小区二区,673,100.95,逄家社区日间照料中心
龙港街道,花苑北区三期,284,42.6,逄家社区日间照料中心
龙港街道,龙港街道花苑社区塔南小区,270,40.5,逄家社区日间照料中心
龙港街道,龙港街道花苑社区丽港小区,112,16.8,逄家社区日间照料中心
龙港街道,龙港街道新港路社区新港小区,93,13.95,北皂社区日间照料中心
龙港街道,龙港街道新港路社区金龙公寓,586,87.9,北皂社区日间照料中心
龙港街道,龙港街道新港路社区玻璃厂,102,15.3,北皂社区日间照料中心
龙港街道,龙港街道新港路社区口岸办、海事处小区,62,9.3,北皂社区日间照料中心
龙港街道,龙港街道新港路社区东方食品冷藏小区,48,7.2,北皂社区日间照料中心
龙港街道,龙港街道新港路社区新港路北小区,438,65.7,北皂社区日间照料中心
龙港街道,龙港街道新港路社区边防检查站小区,24,3.6,北皂社区日间照料中心
龙港街道,龙港街道新港路社区商检小区,16,2.4,北皂社区日间照料中心
龙港街道,龙港街道新港路社区建行小区,14,2.1,北皂社区日间照料中心
龙港街道,龙港街道新港路社区林场小区,106,15.9,北皂社区日间照料中心
龙港街道,龙港街道梁家社区梁家东西区,1239,185.85,逄家社区日间照料中心
龙港街道,龙港街道梁家社区康泰路小区,410,61.5,逄家社区日间照料中心
龙港街道,龙港街道龙海社区龙海社区,1841,276.15,北皂社区日间照料中心
龙港街道,龙港街道新港路社区海迪小区,46,6.9,北皂社区日间照料中心
龙港街道,龙港街道浅海社区胜海花园,1072,160.8,胜利社区日间照料中心
龙港街道,龙港街道红光社区水产隆海家苑,164,24.6,和平社区日间照料中心
龙港街道,龙港街道红光社区防疫站,12,1.8,和平社区日间照料中心
龙港街道,龙港街道红光社区悦港小区,171,25.65,和平社区日间照料中心
龙港街道,水产通海家苑（15#-25#）,321,48.15,和平社区日间照料中心
龙港街道,龙港街道红光社区水产佳海家苑,92,13.8,和平社区日间照料中心
龙港街道,龙港街道红光社区城建开发楼,20,3,和平社区日间照料中心
龙港街道,龙港街道红光社区海滨小区,320,48,和平社区日间照料中心
龙港街道,龙港街道红光社区云龙小区,412,61.8,和平社区日间照料中心
龙港街道,龙港街道红光社区大连开发楼,10,1.5,和平社区日间照料中心
龙港街道,龙港街道红光社区电业小区（和平开发楼、红光开发楼、电业家属楼）,80,12,和平社区日间照料中心
龙港街道,龙港街道红光社区商检1#、2#楼,20,3,和平社区日间照料中心
龙港街道,龙港街道红光社区商检3#楼,20,3,和平社区日间照料中心
龙港街道,龙港街道红光社区酒厂家属楼,20,3,和平社区日间照料中心
龙港街道,龙港街道红光社区工行家属楼,24,3.6,和平社区日间照料中心
龙港街道,龙港街道红光社区中行家属楼,36,5.4,和平社区日间照料中心
龙港街道,龙港街道红光社区渔港小区,180,27,和平社区日间照料中心
龙港街道,龙港街道红光社区水产裕海家苑（28#-30#）,155,23.25,和平社区日间照料中心
龙港街道,龙港街道红光社区水产37#楼,12,1.8,和平社区日间照料中心
龙港街道,龙港街道红光社区新建行家属楼,48,7.2,和平社区日间照料中心
龙港街道,龙港街道红光社区旧建行家属楼,34,5.1,和平社区日间照料中心
龙港街道,龙港街道央各庄社区外贸粮油,24,3.6,和平社区日间照料中心
龙港街道,龙港街道央各庄社区外贸小区,114,17.1,和平社区日间照料中心
龙港街道,龙港街道央各庄社区水产静海,108,16.2,和平社区日间照料中心
龙港街道,龙港街道央各庄社区冷藏干部楼,30,4.5,和平社区日间照料中心
龙港街道,龙港街道央各庄社区百福小区,100,15,和平社区日间照料中心
龙港街道,龙港街道央各庄社区外运小区,24,3.6,和平社区日间照料中心
龙港街道,龙港街道央各庄社区水建,16,2.4,和平社区日间照料中心
龙港街道,龙港街道央各庄社区32户,32,4.8,和平社区日间照料中心
龙港街道,龙港街道央各庄社区邮局网通,54,8.1,和平社区日间照料中心
龙港街道,龙港街道央各庄社区二中队,70,10.5,和平社区日间照料中心
龙港街道,龙港街道央各庄社区央格庄40户,40,6,和平社区日间照料中心
龙港街道,龙港街道央各庄社区芙蓉北区,148,22.2,和平社区日间照料中心
龙港街道,龙港街道央各庄社区芙蓉南区,300,45,和平社区日间照料中心
龙港街道,龙港街道央各庄社区海关,40,6,和平社区日间照料中心
龙港街道,龙港街道央各庄社区点式工行楼,30,4.5,和平社区日间照料中心
龙港街道,龙港街道央各庄社区水文站,16,2.4,和平社区日间照料中心
龙港街道,龙港街道央各庄社区针织厂南区,72,10.8,和平社区日间照料中心
龙港街道,龙港街道央各庄社区针织厂北区,256,38.4,和平社区日间照料中心
龙港街道,龙港街道央各庄社区酒厂,32,4.8,和平社区日间照料中心
龙港街道,龙港街道央各庄社区水产隆海,116,17.4,和平社区日间照料中心
龙港街道,龙港街道央各庄社区水校35、36号,70,10.5,和平社区日间照料中心
龙港街道,龙港街道央各庄社区水产将军楼,108,16.2,和平社区日间照料中心
龙港街道,龙港街道央各庄社区水产26.27号,72,10.8,和平社区日间照料中心
龙港街道,龙港街道央各庄社区红光商城,104,15.6,和平社区日间照料中心
龙港街道,龙港街道央各庄社区冷藏小区,108,16.2,和平社区日间照料中心
龙港街道,龙港街道央各庄社区怡海工行楼,8,1.2,和平社区日间照料中心
龙港街道,龙港街道新龙家苑社区六中家属楼,40,6,和平社区日间照料中心
龙港街道,龙港街道港湾名城,1482,222.3,逄家社区日间照料中心
东莱街道,东莱街道中韵家苑,908,136.2,遇家日间照料中心
东莱街道,东莱街道开元小区,425,63.75,遇家日间照料中心
龙港街道,龙港街道海岸华府,3300,495,胜利社区日间照料中心
龙港街道,龙港街道西海岸,3377,506.55,龙港日间照料中心
龙港街道,龙港街道海韵小区,456,68.4,逄家社区日间照料中心
龙港街道,龙港街道怡海小区,452,67.8,逄家社区日间照料中心
龙港街道,龙港街道隆基花城,203,30.45,逄家社区日间照料中心
东莱街道,东莱街道东方怡景小区,121,18.15,遇家日间照料中心
新嘉街道,新嘉街道万豪·伊顿,1655,248.25,新嘉日间照料中心
东莱街道,东莱街道财源佳园,550,82.5,润新社区养老服务中心
东莱街道,东莱街道沁园南区,170,25.5,林苑社区养老服务中心
东莱街道,东莱街道博士小区,922,138.3,遇家日间照料中心
东莱街道,东莱街道松青苑,372,55.8,恒康日间照料中心
东莱街道,东莱街道龙门花园,1396,209.4,恒康日间照料中心
龙港街道,龙港街道中韵花园,938,140.7,胜利社区日间照料中心
东莱街道,东莱街道阳光花园小区,756,113.4,恒康日间照料中心
龙港街道,龙港街道星海国际,1121,168.15,逄家社区日间照料中心
龙港街道,龙港街道阳光康城,412,61.8,逄家社区日间照料中心
龙港街道,龙港街道龙中家园,148,22.2,逄家社区日间照料中心
,烟台市莱州市城港路街道玉皇苑社区玉皇苑小区,976,800,共玉皇苑社区老年人日间照料中心
,烟台市莱州市城港路街道玉皇苑社区开建小区,730,800,共玉皇苑社区老年人日间照料中心
,烟台市莱州市城港路街道玉皇苑社区乐苑小区,415,800,共玉皇苑社区老年人日间照料中心
,烟台市莱州市城港路街道玉皇苑社区城市丽景小区,180,800,共玉皇苑社区老年人日间照料中心
,烟台市莱州市城港路街道玉皇苑社区建发小区,228,800,共玉皇苑社区老年人日间照料中心
,烟台市烟台市莱州市城港路街道北苑社区粮建小区,1828,360,北苑社区老年人日间照料中心
,烟台市莱州市城港路街道北苑社区开元小区,240,360,北苑社区老年人日间照料中心
,烟台市莱州市程郭镇坊苑社区坊苑小区,1450,800,坊苑社区老年人日间照料中心
,烟台市莱州市程郭镇坊苑社区紫景花园小区,986,800,坊苑社区老年人日间照料中心
,烟台市莱州市程郭镇坊苑社区交通小区,312,800,坊苑社区老年人日间照料中心
,烟台市莱州市永安路街道泛华社区,256,1270,镁矿社区老年人日间照料中心
,烟台市莱州市文昌路街道碑坡社区文苑世家,950,1100,碑坡社区老年人日间照料中心
,烟台市莱州市文昌路街道碑坡社区博雅花园,336,1100,碑坡社区老年人日间照料中心
,烟台市莱州市文昌路街道云峰社区东小区,1420,752,西岭子社区老年人日间照料中心
,烟台市莱州市文昌路街道云峰社区云峰小区,744,752,西岭子社区老年人日间照料中心
,烟台市莱州市文昌路街道云峰社区元通小区,96,752,西岭子社区老年人日间照料中心
,烟台市莱州市文昌路街道云峰社区合众小区,160,752,西岭子社区老年人日间照料中心
,烟台市莱州市文昌路街道云峰社区鑫盛家园,480,752,西岭子社区老年人日间照料中心
,烟台市莱州市文昌路街道云峰社区自来水家属楼,80,752,西岭子社区老年人日间照料中心
,烟台市莱州市文昌路街道明苑社区云峰名苑,720,300,东庄头社区老年人日间照料中心
,烟台市莱州市文昌路街道明苑社区尚东城,420,300,东庄头社区老年人日间照料中心
,烟台市莱州市文昌路街道明苑社区云峰名苑D区,748,300,东庄头社区老年人日间照料中心
,烟台市莱州市文昌路街道明苑社区云峰花园,802,300,东庄头社区老年人日间照料中心
,烟台市莱州市文昌路街道光州社区玫瑰苑东区,474,306,光州社区老年人日间照料中心
,烟台市莱州市文昌路街道光州社区玫瑰苑西区,242,306,光州社区老年人日间照料中心
,烟台市莱州市文昌路街道光州社区宏福苑,318,306,光州社区老年人日间照料中心
,烟台市莱州市文昌路街道光州社区财政局,60,306,光州社区老年人日间照料中心
,烟台市莱州市文昌路街道光州社区工艺绣品厂,117,306,光州社区老年人日间照料中心
,烟台市莱州市文昌路街道光州社区法院,92,306,光州社区老年人日间照料中心
,烟台市莱州市文昌路街道光州社区农行院内,77,306,光州社区老年人日间照料中心
,烟台市莱州市文昌路街道光州社区新城矿,60,306,光州社区老年人日间照料中心
,烟台市莱州市文昌路街道光州社区农信社,90,306,光州社区老年人日间照料中心
,烟台市莱州市文昌路街道光州社区审计局,80,306,光州社区老年人日间照料中心
,烟台市莱州市文昌路街道光州社区静虹公寓,60,306,光州社区老年人日间照料中心
,烟台市莱州市文昌路街道光州社区燃料公司,30,306,光州社区老年人日间照料中心
,烟台市莱州市文昌路街道光州社区恒丰银行,78,306,光州社区老年人日间照料中心
,烟台市莱州市文昌路街道光州社区粮食局,60,306,光州社区老年人日间照料中心
,烟台市莱州市文昌路街道光州社区房产公寓,376,306,光州社区老年人日间照料中心
,烟台市莱州市文昌路街道光州社区物资局,58,306,光州社区老年人日间照料中心
,烟台市莱州市文昌路街道光州社区金辉家园,441,306,光州社区老年人日间照料中心
,烟台市莱州市文昌路街道光州社区园林平房,20,306,光州社区老年人日间照料中心
,烟台市莱州市文昌路街道东南隅社区艺苑小区,2526,300,东南隅社区老年人日间照料中心
,烟台市莱州市文昌路街道东南隅社区金田公司,72,300,东南隅社区老年人日间照料中心
,烟台市莱州市文昌路街道东南隅社区公安局家属楼,92,300,东南隅社区老年人日间照料中心
,烟台市莱州市文昌路街道东南隅社区服装厂,72,300,东南隅社区老年人日间照料中心
,烟台市莱州市文昌路街道东南隅社区二四八楼、平房,68,300,东南隅社区老年人日间照料中心
,烟台市莱州市文昌路街道东南隅社区商住楼,20,300,东南隅社区老年人日间照料中心
,烟台市莱州市文昌路街道东关社区文博园小区,552,1670,东关社区老年人日间照料中心
,烟台市莱州市文昌路街道东关社区东环路小区,507,1670,东关社区老年人日间照料中心
,烟台市莱州市文昌路街道东关社区公安局家属楼,40,1670,东关社区老年人日间照料中心
,烟台市莱州市文昌路街道东关社区工商家属楼,30,1670,东关社区老年人日间照料中心
,烟台市莱州市文昌路街道东关社区隔热材料厂,72,1670,东关社区老年人日间照料中心
,烟台市莱州市文昌路街道东关社区教体局,234,1670,东关社区老年人日间照料中心
,烟台市莱州市文昌路街道东关社区面粉厂,60,1670,东关社区老年人日间照料中心
,烟台市莱州市文昌路街道东关社区就业办,50,1670,东关社区老年人日间照料中心
,烟台市莱州市文昌路街道东关社区蔬菜公司,60,1670,东关社区老年人日间照料中心
,烟台市莱州市文昌路街道东关社区老一中,180,1670,东关社区老年人日间照料中心
,烟台市莱州市文昌路街道东关社区干休所,430,1670,东关社区老年人日间照料中心
,烟台市莱州市文昌路街道东关社区军休所,394,1670,东关社区老年人日间照料中心
,烟台市莱州市文昌路街道东关社区平达,60,1670,东关社区老年人日间照料中心
,烟台市莱州市文昌路街道东关社区高职南校,20,1670,东关社区老年人日间照料中心
,烟台市莱州市文昌路街道东关社区环保局,72,1670,东关社区老年人日间照料中心
,烟台市莱州市文昌路街道东关社区乡企局,64,1670,东关社区老年人日间照料中心
,烟台市莱州市文昌路街道双语社区教育路北区,861,775,东庄头社区老年人日间照料中心
,烟台市莱州市文昌路街道双语社区文华小区,768,775,东庄头社区老年人日间照料中心
,烟台市莱州市文昌路街道双语社区双语小区,534,775,东庄头社区老年人日间照料中心
,烟台市莱州市文昌路街道双语社区东庄头新村,162,775,东庄头社区老年人日间照料中心
,烟台市莱州市文昌路街道双语社区精磊宿舍楼,137,775,东庄头社区老年人日间照料中心
,烟台市莱州市文昌路街道双语社区水产局宿舍楼,60,775,东庄头社区老年人日间照料中心
,烟台市莱州市文昌路街道双语社区华汽宿舍楼,82,775,东庄头社区老年人日间照料中心
,烟台市莱州市文昌路街道双语社区霸力宿舍楼,86,775,东庄头社区老年人日间照料中心
,烟台市莱州市文昌路街道双语社区三丰宿舍,96,775,东庄头社区老年人日间照料中心
,烟台市莱州市文昌路街道文泉社区恒泰宿舍,90,1100,文泉社区老年人日间照料中心
,烟台市莱州市文昌路街道文泉社区银磊宿舍,295,1100,文泉社区老年人日间照料中心
,烟台市莱州市文昌路街道文泉社区文泉花园东院,300,1100,文泉社区老年人日间照料中心
,烟台市莱州市文昌路街道文泉社区文泉花园西院,276,1100,文泉社区老年人日间照料中心
,烟台市莱州市文昌路街道文泉社区雕刻厂、矿业、建管局平房,85,1100,文泉社区老年人日间照料中心
,烟台市莱州市文昌路街道文泉社区金泉摇臂厂宿舍楼、乡企局宿舍楼,100,1100,文泉社区老年人日间照料中心
,烟台市莱州市文昌路街道文泉社区缝纫机厂8号楼（东升南）,40,1100,文泉社区老年人日间照料中心
,烟台市莱州市文昌路街道文泉社区缝纫机厂宿舍院,310,1100,文泉社区老年人日间照料中心
,烟台市莱州市文昌路街道文泉社区小龙巷、蔬菜楼,65,1100,文泉社区老年人日间照料中心
,烟台市莱州市文昌路街道文泉社区弘宇宿舍院,183,1100,文泉社区老年人日间照料中心
,烟台市莱州市文昌路街道文泉社区边防、新华书店、房管平房、食品公司沿街楼,48,1100,文泉社区老年人日间照料中心
,烟台市莱州市文昌路街道文泉社区凯润滨河城,760,1100,文泉社区老年人日间照料中心
,烟台市莱州市文昌路街道定海社区金辉公寓,165,788,定海社区老年人日间照料中心
,烟台市莱州市文昌路街道定海社区农机局宿舍楼,52,788,定海社区老年人日间照料中心
,烟台市莱州市文昌路街道定海社区民政局宿舍楼,32,788,定海社区老年人日间照料中心
,烟台市莱州市文昌路街道定海社区明珠园小区,744,788,定海社区老年人日间照料中心
,烟台市莱州市文昌路街道定海社区光州路住宅东区,602,788,定海社区老年人日间照料中心
,烟台市莱州市文昌路街道定海社区设计院宿舍楼,36,788,定海社区老年人日间照料中心
,烟台市莱州市文昌路街道定海社区交通局宿舍楼,60,788,定海社区老年人日间照料中心
,烟台市莱州市文昌路街道定海社区黄金小院,390,788,定海社区老年人日间照料中心
,烟台市莱州市文昌路街道定海社区兽医站宿舍楼,20,788,定海社区老年人日间照料中心
,烟台市莱州市文昌路街道定海社区人民医院,232,788,定海社区老年人日间照料中心
,烟台市莱州市文昌路街道定海社区金丰苑,197,788,定海社区老年人日间照料中心
,烟台市莱州市文昌路街道定海社区天盛佳苑,198,788,定海社区老年人日间照料中心
,烟台市莱州市文昌路街道齐东社区文萃佳苑,576,750,北五里社区老年人日间照料中心
,烟台市莱州市文昌路街道齐东社区明珠花苑,717,750,北五里社区老年人日间照料中心
,烟台市莱州市文昌路街道齐东社区安邦公寓,410,750,北五里社区老年人日间照料中心
,烟台市莱州市文昌路街道齐东社区明德佳苑,319,750,北五里社区老年人日间照料中心
,烟台市莱州市文昌路街道齐东社区北五里新村,280,750,北五里社区老年人日间照料中心
,烟台市莱州市文昌路街道齐东社区幸福里,553,750,北五里社区老年人日间照料中心
,烟台市莱州市文昌路街道东莱社区祥龙云海小区,582,1100,府前街社区老年人日间照料中心
,烟台市莱州市文昌路街道东莱社区星辉大厦,480,1100,府前街社区老年人日间照料中心
,烟台市莱州市文昌路街道东莱社区银资府东苑小区,423,1100,府前街社区老年人日间照料中心
,烟台市莱州市文昌路街道东莱社区府东院小区,201,1100,府前街社区老年人日间照料中心
,烟台市莱州市文昌路街道东莱社区府西院小区,182,1100,府前街社区老年人日间照料中心
,烟台市莱州市文昌路街道东莱社区公路局、烟酒公司小区,134,1100,府前街社区老年人日间照料中心
,烟台市莱州市文昌路街道东莱社区锦绣苑小区,108,1100,府前街社区老年人日间照料中心
,烟台市莱州市文昌路街道东莱社区新世纪小区,96,1100,府前街社区老年人日间照料中心
,烟台市莱州市文昌路街道东莱社区农机公司小区,90,1100,府前街社区老年人日间照料中心
,烟台市莱州市文昌路街道东莱社区市府院小区,88,1100,府前街社区老年人日间照料中心
,烟台市莱州市文昌路街道东莱社区工行、金谷源小区,86,1100,府前街社区老年人日间照料中心
,烟台市莱州市文昌路街道东莱社区林业局、妇保院、果品公司小区,79,1100,府前街社区老年人日间照料中心
,烟台市莱州市文昌路街道东莱社区武装部小区,68,1100,府前街社区老年人日间照料中心
,烟台市莱州市文昌路街道东莱社区电影公司小区,67,1100,府前街社区老年人日间照料中心
,烟台市莱州市文昌路街道东莱社区经贸局住宅小区,48,1100,府前街社区老年人日间照料中心
,烟台市莱州市文昌路街道东莱社区德裕昌、供销社、京剧团小区,42,1100,府前街社区老年人日间照料中心
,烟台市莱州市文昌路街道东莱社区实验小学家属楼,38,1100,府前街社区老年人日间照料中心
,烟台市莱州市文昌路街道东莱社区中心粮店、建行小区,32,1100,府前街社区老年人日间照料中心
,烟台市莱州市文昌路街道北关社区西区19号20号楼,72,1200,北关社区老年人日间照料中心
,烟台市莱州市文昌路街道北关社区西区22、21、24,162,1200,北关社区老年人日间照料中心
,烟台市莱州市文昌路街道北关社区拿力大厦、平房,103,1200,北关社区老年人日间照料中心
,烟台市莱州市文昌路街道北关社区土产中行家属楼,78,1200,北关社区老年人日间照料中心
,烟台市莱州市文昌路街道北关社区明辉小区,155,1200,北关社区老年人日间照料中心
,烟台市莱州市文昌路街道北关社区土产供销沿街楼,80,1200,北关社区老年人日间照料中心
,烟台市莱州市文昌路街道北关社区金都大厦,178,1200,北关社区老年人日间照料中心
,烟台市莱州市文昌路街道北关社区西区综合楼,70,1200,北关社区老年人日间照料中心
,烟台市莱州市文昌路街道北关社区国税家属楼,64,1200,北关社区老年人日间照料中心
,烟台市莱州市文昌路街道北关社区建发、粮食局家属楼,55,1200,北关社区老年人日间照料中心
,烟台市莱州市文昌路街道北关社区西区3、5、14、16号楼,201,1200,北关社区老年人日间照料中心
,烟台市莱州市文昌路街道北关社区西区正23、负23、48,130,1200,北关社区老年人日间照料中心
,烟台市莱州市文昌路街道北关社区西区1-10号楼,330,1200,北关社区老年人日间照料中心
,烟台市莱州市文昌路街道北关社区西区17、18号楼,120,1200,北关社区老年人日间照料中心
,烟台市莱州市文昌路街道北关社区公路局家属楼,96,1200,北关社区老年人日间照料中心
,烟台市莱州市文昌路街道北关社区市联社家属楼,120,1200,北关社区老年人日间照料中心
,烟台市莱州市文昌路街道北关社区新天地家属楼,60,1200,北关社区老年人日间照料中心
,烟台市莱州市文昌路街道北关社区印象城家属楼,768,1200,北关社区老年人日间照料中心
,烟台市莱州市文昌路街道文景社区文景阳光城,680,1700,八蜡庙社区老年人日间照料中心
,烟台市莱州市文昌路街道文景社区文景凤凰城,2008,1700,八蜡庙社区老年人日间照料中心
,烟台市莱州市文昌路街道文景社区文景家园（二层楼）,122,1700,八蜡庙社区老年人日间照料中心
,烟台市莱州市文昌路街道文景社区弘宇家属楼,100,1700,八蜡庙社区老年人日间照料中心
,烟台市莱州市文昌路街道崇文社区教育路八区,479,600,崇文社区老年人日间照料中心
,烟台市莱州市文昌路街道崇文社区教育路九区,498,600,崇文社区老年人日间照料中心
,烟台市莱州市文昌路街道崇文社区教育路十区,518,600,崇文社区老年人日间照料中心
,烟台市莱州市文昌路街道崇文社区慢性病院,40,600,崇文社区老年人日间照料中心
,烟台市莱州市文昌路街道崇文社区东辉公寓,92,600,崇文社区老年人日间照料中心
,烟台市莱州市文昌路街道崇文社区嘉乐园,322,600,崇文社区老年人日间照料中心
,烟台市莱州市文昌路街道崇文社区中保公司,30,600,崇文社区老年人日间照料中心
,烟台市莱州市文昌路街道崇文社区文渊公寓,279,600,崇文社区老年人日间照料中心
,烟台市莱州市文昌路街道崇文社区烟信,132,600,崇文社区老年人日间照料中心
,烟台市莱州市文昌路街道崇文社区文馨,96,600,崇文社区老年人日间照料中心
,烟台市莱州市文昌路街道崇文社区银资,96,600,崇文社区老年人日间照料中心
,烟台市莱州市文昌路街道崇文社区中医院,170,600,崇文社区老年人日间照料中心
,烟台市莱州市文昌路街道汇泉社区（A区）,970,320,汇泉社区老年人日间照料中心
,烟台市莱州市文昌路街道汇泉社区（B区路南）,344,320,汇泉社区老年人日间照料中心
,烟台市莱州市文昌路街道汇泉社区（B区路北）,294,320,汇泉社区老年人日间照料中心
,烟台市莱州市文昌路街道汇泉社区C区,162,320,汇泉社区老年人日间照料中心
,烟台市莱州市文昌路街道汇泉社区金都家园,96,320,汇泉社区老年人日间照料中心
,烟台市莱州市文昌路街道汇泉社区安居,216,320,汇泉社区老年人日间照料中心
,烟台市莱州市文昌路街道汇泉社区生资,60,320,汇泉社区老年人日间照料中心
,烟台市莱州市文昌路街道汇泉社区建行家属楼,60,320,汇泉社区老年人日间照料中心
,烟台市莱州市文昌路街道汇泉社区商检家属楼,32,320,汇泉社区老年人日间照料中心
,烟台市莱州市文昌路街道汇泉社区残联家属楼,48,320,汇泉社区老年人日间照料中心
,烟台市莱州市文昌路街道汇泉社区啤酒厂家属楼,182,320,汇泉社区老年人日间照料中心
,烟台市莱州市文昌路街道汇泉社区奥城,430,320,汇泉社区老年人日间照料中心
,烟台市莱州市文昌路街道汇泉社区仓上金矿家属楼,270,320,汇泉社区老年人日间照料中心
,烟台市莱州市文昌路街道鼓楼社区食品厂平房,61,1100,鼓楼社区老年人日间照料中心
,烟台市莱州市文昌路街道鼓楼社区鼓楼公寓,84,1100,鼓楼社区老年人日间照料中心
,烟台市莱州市文昌路街道鼓楼社区粮食局楼,53,1100,鼓楼社区老年人日间照料中心
,烟台市莱州市文昌路街道鼓楼社区鸿德园楼,82,1100,鼓楼社区老年人日间照料中心
,烟台市莱州市文昌路街道鼓楼社区阳光大厦,460,1100,鼓楼社区老年人日间照料中心
,烟台市莱州市文昌路街道鼓楼社区材机厂平房,31,1100,鼓楼社区老年人日间照料中心
,烟台市莱州市文昌路街道鼓楼社区百大宿舍楼,40,1100,鼓楼社区老年人日间照料中心
,烟台市莱州市文昌路街道鼓楼社区展销楼,76,1100,鼓楼社区老年人日间照料中心
,烟台市莱州市文昌路街道鼓楼社区市联社,28,1100,鼓楼社区老年人日间照料中心
,烟台市莱州市文昌路街道鼓楼社区粮贸,45,1100,鼓楼社区老年人日间照料中心
,烟台市莱州市文昌路街道鼓楼社区电信宿舍楼,99,1100,鼓楼社区老年人日间照料中心
,烟台市莱州市文昌路街道鼓楼社区三院宿舍,64,1100,鼓楼社区老年人日间照料中心
,烟台市莱州市文昌路街道鼓楼社区材机厂家属院,188,1100,鼓楼社区老年人日间照料中心
,烟台市莱州市文昌路街道鼓楼社区植物油厂楼,85,1100,鼓楼社区老年人日间照料中心
,烟台市莱州市文昌路街道鼓楼社区银资百大,70,1100,鼓楼社区老年人日间照料中心
,烟台市莱州市文昌路街道鼓楼社区梅苑华庭,414,1100,鼓楼社区老年人日间照料中心
,烟台市莱州市文昌路街道鼓楼社区福莱新城         ,748,1100,鼓楼社区老年人日间照料中心
,烟台市莱州市文昌路街道鼓楼社区金地佳园,188,1100,鼓楼社区老年人日间照料中心
,烟台市莱州市文昌路街道教育路社区教育路1-7区,2816,1364,教育路社区老年人日间照料中心
,烟台市莱州市文昌路街道教育路社区教育路小区北区,102,1364,教育路社区老年人日间照料中心
,烟台市莱州市文昌路街道教育路社区农机局3号楼,50,1364,教育路社区老年人日间照料中心
,烟台市莱州市文昌路街道教育路社区洲元大厦,113,1364,教育路社区老年人日间照料中心
,烟台市莱州市文昌路街道教育路社区实验中学,90,1364,教育路社区老年人日间照料中心
,烟台市莱州市文昌路街道教育路社区邮政局,32,1364,教育路社区老年人日间照料中心
,烟台市莱州市文昌路街道教育路社区复合材料长,48,1364,教育路社区老年人日间照料中心
,烟台市莱州市文昌路街道教育路社区电机厂家属楼,70,1364,教育路社区老年人日间照料中心
,烟台市莱州市文昌路街道教育路社区维特公寓,115,1364,教育路社区老年人日间照料中心
,烟台市莱州市文昌路街道教育路社区农机局,36,1364,教育路社区老年人日间照料中心
,烟台市莱州市文昌路街道教育路社区党校家属楼,180,1364,教育路社区老年人日间照料中心
,烟台市莱州市文昌路街道教育路社区开建宝地,256,1364,教育路社区老年人日间照料中心
,烟台市莱州市永安路街道河滨社区电业局南家属区,160,350,西苑社区老年人日间照料中心
,烟台市莱州市永安路街道河滨社区水利局家属区,170,350,西苑社区老年人日间照料中心
,烟台市莱州市永安路街道河滨社区体委,124,350,西苑社区老年人日间照料中心
,烟台市莱州市永安路街道河滨社区塑料厂,104,350,西苑社区老年人日间照料中心
,烟台市莱州市永安路街道河滨社区电业局大原家家属区,200,350,西苑社区老年人日间照料中心
,烟台市莱州市永安路街道河滨社区河滨公寓,435,350,西苑社区老年人日间照料中心
,烟台市莱州市永安路街道河滨社区部队南北院,204,350,西苑社区老年人日间照料中心
,烟台市莱州市永安路街道河滨社区运输公司家属区,148,350,西苑社区老年人日间照料中心
,烟台市莱州市永安路街道河滨社区建委楼家属区,140,350,西苑社区老年人日间照料中心
,烟台市莱州市永安路街道河滨社区宏达家园,414,350,西苑社区老年人日间照料中心
,烟台市莱州市永安路街道河滨社区慧丰苑,260,350,西苑社区老年人日间照料中心
,烟台市莱州市永安路街道河滨社区发电厂家属区,148,350,西苑社区老年人日间照料中心
,烟台市莱州市永安路街道河滨社区大原家家属区,126,350,西苑社区老年人日间照料中心
,烟台市莱州市永安路街道河滨社区河西平房区,190,350,西苑社区老年人日间照料中心
,烟台市莱州市永安路街道景阳社区老区,280,822,河滨社区老年人日间照料中心
,烟台市莱州市永安路街道景阳社区新区,2170,822,河滨社区老年人日间照料中心
,烟台市莱州市永安路街道景阳社区阳光,150,822,河滨社区老年人日间照料中心
,烟台市莱州市永安路街道景阳社区印刷厂,80,822,河滨社区老年人日间照料中心
,烟台市莱州市永安路街道景阳社区山水国际,460,822,河滨社区老年人日间照料中心
,烟台市莱州市永安路街道武安社区食品厂  ,258,880,西关社区老年人日间照料中心
,烟台市莱州市永安路街道武安社区艺品厂   ,180,880,西关社区老年人日间照料中心
,烟台市莱州市永安路街道武安社区材机厂 ,610,880,西关社区老年人日间照料中心
,烟台市莱州市永安路街道武安社区摇臂厂   ,631,880,西关社区老年人日间照料中心
,烟台市莱州市永安路街道武安社区新世纪宿舍 ,238,880,西关社区老年人日间照料中心
,烟台市莱州市永安路街道武安社区莱州中学  ,145,880,西关社区老年人日间照料中心
,烟台市莱州市永安路街道武安社区姜家胡同  ,136,880,西关社区老年人日间照料中心
,烟台市莱州市永安路街道泛华社区广场花园,995,1270,镁矿社区老年人日间照料中心
,烟台市莱州市永安路街道泛华社区泛华中区,800,1270,镁矿社区老年人日间照料中心
,烟台市莱州市永安路街道泛华社区馨园北区,288,1270,镁矿社区老年人日间照料中心
,烟台市莱州市永安路街道泛华社区泛华南区,230,1270,镁矿社区老年人日间照料中心
,烟台市莱州市永安路街道泛华棉纺厂1号、2号楼,420,1270,镁矿社区老年人日间照料中心
,烟台市莱州市永安路街道西苑社区永安公寓,289,350,西苑社区老年人日间照料中心
,烟台市莱州市永安路街道西苑社区人民银行平房,120,350,西苑社区老年人日间照料中心
,烟台市莱州市永安路街道西苑社区馨园小区,160,350,西苑社区老年人日间照料中心
,烟台市莱州市永安路街道西苑社区文盛公寓,280,350,西苑社区老年人日间照料中心
,烟台市莱州市永安路街道西苑社区霸力大厦,130,350,西苑社区老年人日间照料中心
,烟台市莱州市永安路街道西苑社区市联社、馨园亭子,140,350,西苑社区老年人日间照料中心
,烟台市莱州市永安路街道西苑社区化工厂、建发楼,157,350,西苑社区老年人日间照料中心
,烟台市莱州市永安路街道西苑社区水利局3#,220,350,西苑社区老年人日间照料中心
,烟台市莱州市永安路街道西苑社区福嘉苑小区,180,350,西苑社区老年人日间照料中心
,烟台市莱州市永安路街道西苑社区玻璃厂宿舍楼,142,350,西苑社区老年人日间照料中心
,烟台市莱州市永安路街道西苑社区大骋楼,120,350,西苑社区老年人日间照料中心
,烟台市莱州市永安路街道西苑社区百大宿舍楼,270,350,西苑社区老年人日间照料中心
,烟台市莱州市永安路街道西苑社区水泥厂,148,350,西苑社区老年人日间照料中心
,烟台市莱州市永安路街道西苑社区化轻楼,220,350,西苑社区老年人日间照料中心
,烟台市莱州市永安路街道西苑社区印染厂平房,80,350,西苑社区老年人日间照料中心
,烟台市莱州市永安路街道光安社区花旗绿城,1230,785,光安社区老年人日间照料中心
,烟台市莱州市永安路街道光安社区公安小区,850,785,光安社区老年人日间照料中心
,烟台市莱州市永安路街道光安社区广场公寓,328,785,光安社区老年人日间照料中心
,烟台市莱州市永安路街道光安社区安全局,40,785,光安社区老年人日间照料中心
,烟台市莱州市永安路街道金都社区商业大厦住宅,125,2000,金都社区综合养老服务中心
,烟台市莱州市永安路街道金都社区 大骋住宅,128,2000,金都社区综合养老服务中心
,烟台市莱州市永安路街道金都社区水产住宅,125,2000,金都社区综合养老服务中心
,烟台市莱州市永安路街道金都社区新平家园住宅,168,2000,金都社区综合养老服务中心
,烟台市莱州市永安路街道金都社区金都花园住宅,145,2000,金都社区综合养老服务中心
,烟台市莱州市永安路街道金都社区汽车六场住宅,124,2000,金都社区综合养老服务中心
,烟台市莱州市永安路街道金都社区部队公寓住宅,142,2000,金都社区综合养老服务中心
,烟台市莱州市永安路街道金都社区 丝绸公司住宅,111,2000,金都社区综合养老服务中心
,烟台市莱州市永安路街道金都社区美乐家园住宅,212,2000,金都社区综合养老服务中心
,烟台市莱州市永安路街道金都社区金矿住宅,130,2000,金都社区综合养老服务中心
,烟台市莱州市永安路街道金都社区建发小区住宅,184,2000,金都社区综合养老服务中心
,烟台市莱州市永安路街道金都社区十家巷住宅,90,2000,金都社区综合养老服务中心
,烟台市莱州市永安路街道金都社区新安家园住宅,120,2000,金都社区综合养老服务中心
,烟台市莱州市永安路街道金都社区酒厂住宅,159,2000,金都社区综合养老服务中心
,烟台市莱州市永安路街道金都社区商业大厦住宅,130,2000,金都社区综合养老服务中心
,烟台市莱州市永安路街道金都社区商业系统住宅,140,2000,金都社区综合养老服务中心
,烟台市莱州市永安路街道金都社区食品公司住宅,116,2000,金都社区综合养老服务中心
,烟台市莱州市永安路街道金都社区行星住宅,160,2000,金都社区综合养老服务中心
,烟台市莱州市永安路街道金都社区银资家园住宅,384,2000,金都社区综合养老服务中心
,烟台市莱州市程郭镇英才社区福莱美景小区,1600,300,英才社区老年人日间中心
,烟台市莱州市程郭镇英才社区文汇小区,100,300,英才社区老年人日间中心
,烟台市莱州市程郭镇坊苑东区,287,800,坊苑社区老年人日间照料中心
,烟台市莱州市程郭镇坊苑西区,568,800,坊苑社区老年人日间照料中心
,烟台市莱州市程郭镇东苑新区,365,300,东苑社区老年人日间照料中心
,烟台市莱州市程郭镇东苑南区,351,300,东苑社区老年人日间照料中心
,烟台市莱州市程郭镇东苑北区,359,300,东苑社区老年人日间照料中心
南长山街道,长岛县南长山街道瀛洲小区,220,500,养老综合服务中心
,长岛县南长山街道泰和水岸,398,500,养老综合服务中心
,长岛县南长山街道党校小区,135,500,养老综合服务中心
,长岛县南长山街道翠海茗居,212,500,养老综合服务中心
,长岛县南长山街道悦海假日,350,500,养老综合服务中心
,长岛县南长山街道阳光小区,140,200,养老综合服务中心
,长岛县南长山街道闻涛花园,108,200,养老综合服务中心
,长岛县南长山街道聚仙假日,336,200,养老综合服务中心
